id,url
1,https://www.greenweez.com/soy-biosoy-calcium-1l-p83118
2,https://www.webecologie.com/autres-boissons-vegetales/9496-biosoy-calcium-3259010500049.html
3,https://www.carrefour.fr/p/compotes-bebe-des-4-mois-pomme-myrtille-babybio-3288131510743
4,https://www.webecologie.com/petit-pot/122-petit-pot-bio-pomme-myrtille-3288131510743.html?PageSpeed=noscript
5,https://www.greenweez.com/primeal-pois-chiches-bio-660g-p87617
6,https://www.webecologie.com/legumineuses-bio/11483-pois-chiches-a-la-libanaise-3380380083778.html
7,https://www.carrefour.fr/p/confiture-bio-fraises-fraises-des-bois-sans-gluten-fiordifrutta-8001505005608
8,https://www.greenweez.com/rigoni-di-asiago-fiordifrutta-citrons-260g-p81194
9,https://www.greenweez.com/primeal-gomasio-en-pot-250-g-p5799
10,https://www.webecologie.com/epice-condiment-bio/10393-gomasio-3380390255011.html
11,https://www.greenweez.com/primeal-millet-decortique-1-kg-p5502
12,https://www.webecologie.com/cereales-bio/6964-millet-500-g-3380380055256.html
13,https://naturalia.fr/barre-sesame-30g
14,https://www.webecologie.com/pain-bio/2850-pain-croustillant-bio-amarante-sesame-4016249538521.html?PageSpeed=noscript
15,https://www.greenweez.com/primeal-coquillettes-demi-completes-5kg-p108288
16,https://www.webecologie.com/pates-bio/2975-coquillettes-demi-completes-bio-3380390181402.html
17,https://naturalia.fr/grinioc-millet-champignons
18,https://www.greenweez.com/soy-galettes-grinioc-millet-champignons-2x100g-p85967
19,https://www.greenweez.com/ecoidees-souchet-epluche-bio-350g-p81590
20,https://www.webecologie.com/cereales-bio/4269-souchet-entier-bio-3760087360608.html
21,https://www.greenweez.com/markal-polenta-500g-p77253
22,https://www.webecologie.com/cereales-bio/3114-polenta-instantannee-bio-3329486371204.html
23,https://www.greenweez.com/rigoni-di-asiago-fiordifrutta-framboises-250g-p81191
24,https://naturalia.fr/faux-mage-fume-150g
25,https://www.greenweez.com/wheaty-faux-mage-en-tranche-nature-150g-p92608
26,https://www.carrefour.fr/p/compotes-bebe-des-4-mois-pomme-babybio-3288131510705
27,https://naturalia.fr/pot-bb-pomme-2x130g-4m
28,https://naturalia.fr/potage-potimarron-17g
29,https://www.webecologie.com/soupe-bio/3784-potabio-au-potimaron-bio-3176800031883.html
30,https://www.carrefour.fr/p/petits-pots-bebe-des-4-mois-patate-douce-babybio-3288131510491
31,https://naturalia.fr/pot-bb-patdouce-2x130g-4m
32,https://www.greenweez.com/primeal-lupin-au-naturel-370ml-p108240
33,https://www.webecologie.com/farine-bio-aide-a-la-patisserie/7269-farine-de-lupin-3380380057137.html
34,https://www.greenweez.com/danival-mijote-de-petits-pois-525g-p107923
35,https://www.webecologie.com/conserve-plat-cuisine-bio/7697-petits-pois-tres-fins-3431590000649.html
36,https://www.greenweez.com/primeal-quinoa-noir-bio-et-sans-gluten-500-g-p100249
37,https://www.webecologie.com/cereales-bio/10391-quinoa-noir-3380380076459.html
38,https://www.greenweez.com/rigoni-di-asiago-fiordifrutta-poires-250g-p81209
39,https://naturalia.fr/goutine-coco-125g
40,https://www.greenweez.com/paradeigma-goutines-chocolat-noisettes-125g-p81861
41,https://naturalia.fr/chicoree-200g
42,https://www.greenweez.com/favrichon-chicoree-200g-p69138
43,https://naturalia.fr/chips-coco-90g
44,https://www.webecologie.com/cacao/10536-petit-dejeuner-cacao-sucre-de-coco-3760087361896.html
45,https://naturalia.fr/chips-sel-de-guerande-100g
46,https://www.webecologie.com/aperitif-bio/11440-chips-au-poivre-3770000910452.html
47,https://www.greenweez.com/vitamont-citronnade-agrumes-bio-75-cl-p101420
48,https://www.webecologie.com/jus-de-fruits-bio/10283-jus-4-agrumes-3289196500106.html
49,https://naturalia.fr/jus-baobab-gingembre-33cl
50,https://www.greenweez.com/matahi-nectar-de-baobab-guarana-gingembre-330-ml-p100714
51,https://naturalia.fr/les-compotees-rhubarbe-2x100g
52,https://www.greenweez.com/danival-puree-pommes-rhubarbe-bio-4-x-100g-p80678
53,https://naturalia.fr/barre-cacahuete-40g
54,https://www.greenweez.com/pural-barre-physalis-coco-triopack-p90305
55,https://www.greenweez.com/babybio-2-bols-legumes-saumon-macaroni-des-12-moi-p41986
56,https://www.webecologie.com/assiette-bol/9167-bols-bebe-printaniere-de-legumes-saumon-macaroni-2x-200g-3288131520667.html?PageSpeed=noscript
57,https://naturalia.fr/bouillie-flocons-avoine-250g
58,https://www.greenweez.com/holle-bouillie-aux-flocons-d-avoine-250gr-p6477
59,https://www.greenweez.com/saveurs-nature-chocolat-noir-100-perou-sans-sucre-100g-p89909
60,https://www.webecologie.com/chocolat-bio/8888-tablette-100-cacao-sans-sucre-origine-perou-100g-3760077187130.html?PageSpeed=noscript
61,https://www.carrefour.fr/p/petits-pots-bebe-des-8-mois-carotte-tomate-pates-babybio-3288131510545
62,https://www.webecologie.com/petit-pot/9130-petit-pot-bebe-compotee-de-carotte-des-landes-tomate-pates-3288131510545.html?PageSpeed=noscript
63,https://www.greenweez.com/natali-agar-agar-bio-500g-p12027
64,https://www.webecologie.com/farine-bio-aide-a-la-patisserie/3723-extrait-d-algues-marines-agar-agar-3176800001824.html?PageSpeed=noscript
65,https://www.greenweez.com/vitamont-cola-bio-equitable-33cL-p19809
66,https://www.webecologie.com/jus-de-fruits-bio/10335-cola-biologique-equitable-3289196820051.html
67,https://www.greenweez.com/cook-clous-de-girofle-en-poudre-bio-45-g-p93989
68,https://www.webecologie.com/epice-condiment-bio/3910-clous-de-girofle-bio-3417960022596.html
69,https://www.greenweez.com/maison-meneau-sirop-de-violette-50cl-p82914
70,https://www.webecologie.com/sirops-bio/7103-sirop-d-orange-bio-3274490970236.html
71,https://naturalia.fr/lait-bb-optima-1-900g-1age
72,https://www.webecologie.com/lait-infantile-2eme-age/7066-lait-optima-2ieme-age-lait-de-suite-des-6-mois-3288131500034.html?PageSpeed=noscript
73,https://www.greenweez.com/l-angelus-pain-de-mie-cereales-350g-p95648
74,https://www.webecologie.com/pain-bio/10224-pain-2-camusettes-d-epeautre--3419390403730.html
75,https://www.greenweez.com/lima-sauce-soja-shoyu-1l-p18100
76,https://www.webecologie.com/epice-condiment-bio/3885-sauce-de-soja-fermente-bio-tamari-1-l-5411788036504.html
77,https://www.greenweez.com/danival-soupe-lentilles-corail-epices-25cl-p107917
78,https://www.webecologie.com/soupe-bio/6540-soupe-de-lentilles-corail-et-epices-3431590009444.html
79,https://naturalia.fr/boulgour-gros-concasse-1kg
80,https://www.webecologie.com/cereales-bio/3134-boulgour-gros-bio-3329482010015.html
81,https://www.greenweez.com/biscru-graines-germees-a-saupoudrer-indien-150g-p103117
82,https://www.webecologie.com/graines-bio-graines-a-germer/11533-graines-de-sarrasin-germees-sechees-3760270210161.html?PageSpeed=noscript
83,https://www.greenweez.com/kaoka-chocolat-noir-speculoos-72-100g-p108260
84,https://www.webecologie.com/chocolat-bio/9515-chocolat-noir-55-cacao-aux-framboises-3477730001602.html
85,https://www.greenweez.com/babybio-petits-pots-panais-jambon-gruyere-2x200g-p89505
86,https://www.webecologie.com/petit-pot/7248-petit-pot-menu-panais-jambon-des-pays-de-loire-3288131510040.html?PageSpeed=noscript
87,https://www.carrefour.fr/p/compotes-bebe-des-6-mois-delice-de-fruits-babybio-3288131510781
88,https://www.webecologie.com/petit-pot/125-petit-pot-bio-delice-de-fruits-3288131510781.html?PageSpeed=noscript
89,https://www.carrefour.fr/p/chocolat-bio-noir-ethiquable-3760091720603
90,https://www.greenweez.com/ethiquable-chocolat-noir-dessert-200g-p83758
91,https://naturalia.fr/original-tortilla-90g
92,https://www.webecologie.com/aperitif-bio/4610-tortilla-bio-original-5411788046374.html
93,https://naturalia.fr/pot-citrouille-poulet-190g
94,https://www.greenweez.com/holle-petit-pot-pomme-et-peche-190g-p45167
95,https://www.greenweez.com/babybio-petits-pots-pomme-de-terre-haricots-verts-des-4m-p79423
96,https://www.webecologie.com/petit-pot/9129-petit-pot-bebe-pomme-de-terre-haricots-verts-de-vendee-colin-3288131510088.html?PageSpeed=noscript
97,https://naturalia.fr/maccacino-dark-250g
98,https://www.greenweez.com/iswari-graines-de-chia-bio-250g-p83668
99,https://www.greenweez.com/destination-infusion-romarin-20x1-8g-p84684
100,https://www.webecologie.com/tisane-de-plantes/9887-tisane-romarin-3700111086913.html
101,https://naturalia.fr/cocktail-de-legumes-380g
102,https://www.greenweez.com/nutriform-cocktail-de-legumes-lacto-fermentes-bio-44-6cl-p92940
103,https://www.greenweez.com/maison-meneau-sirop-de-citron-bio-1-l-p6046
104,https://www.webecologie.com/sirops-bio/4523-sirop-de-citron-bio-1-l-3274490970953.html
105,https://www.greenweez.com/vitamont-pur-jus-d-oranges-bio-1L-p19746
106,https://www.webecologie.com/jus-de-fruits-bio/10282-pur-jus-de-clementine-3289196500083.html
107,https://www.greenweez.com/bonneterre-miel-d-acacia-bio-roumanie-500g-p47405
108,https://www.webecologie.com/miel-bio/7189-miel-d-acacia-3396411218712.html
109,https://www.carrefour.fr/p/compote-bebe-des-6-mois-poire-bio-good-gout-3760269310179
110,https://www.greenweez.com/good-gout-plat-prepare-carottes-poulet-190g-des-6-mois-p12791
111,https://www.greenweez.com/babybio-bol-pomme-de-terre-artichaut-ricotta-2x200g-p88020
112,https://www.webecologie.com/assiette-bol/9165-bols-bebe-puree-de-pomme-de-terre-du-val-de-loire-artichaut-2x-200g-3288131520285.html?PageSpeed=noscript
113,https://naturalia.fr/pot-bb-mais-poulet-2x200g-8m
114,https://www.greenweez.com/babybio-menu-mais-doux-poulet-fermier-8-mois-2-x-200g-p9652
115,https://naturalia.fr/ptit-beurre-cereales-150g
116,https://www.webecologie.com/biscuit-bio/3069-petit-beurre-au-miel-bio-3760005450190.html
117,https://naturalia.fr/kefir-figue-citron-50cl
118,https://www.greenweez.com/karma-frais-kefir-figue-citron-50cl-p88802
119,https://naturalia.fr/boisson-avoine-nature-1l
120,https://www.greenweez.com/bonneterre-boisson-avoine-nature-1l-p80199
121,https://naturalia.fr/cool-fruits-pomme-90g
122,https://www.greenweez.com/vitabio-cool-fruits-pomme-acerola-bio-gourdes-de-fruits-12x90g-p70276
123,https://www.greenweez.com/primeal-farine-de-seigle-t130-500-g-p5723
124,https://www.webecologie.com/farine-bio-aide-a-la-patisserie/3555-farine-de-seigle-t130-bio-1kg-3380390122306.html?PageSpeed=noscript
125,https://www.greenweez.com/bonneterre-miel-fleurs-de-montagne-bio-bresil-500g-p47410
126,https://www.webecologie.com/miel-bio/7191-miel-de-fleurs-de-montagne-3396411218750.html
127,https://www.greenweez.com/markal-riz-long-blanc-camargue-1kg-p87278
128,https://www.webecologie.com/riz-bio/5459-riz-long-blanc-etuve-bio-3329485271123.html
129,https://www.greenweez.com/germ-line-graines-a-germer-bio-poireau-50g-p69500
130,https://www.webecologie.com/graines-bio-graines-a-germer/10276-alfalfa-graines-a-germer-3465511101153.html
131,https://www.greenweez.com/primeal-coudes-quinoa-tomate-500g-p5652
132,https://www.webecologie.com/pates-bio/7457-spaghetti-quinoa-tomate-3380380051067.html
133,https://www.carrefour.fr/p/oranges-a-dessert-bio-3276550311836
134,https://naturalia.fr/kit-a-pousser-champ-pleurote
135,https://www.greenweez.com/celnat-farine-precuite-de-kokkoh-bio-250g-p68485
136,https://www.webecologie.com/sauce-bio/7419-creme-de-kokkoh-farine-precuite-3273120015132.html
137,https://naturalia.fr/pdt-carotte-et-veau-2x200g
138,https://www.webecologie.com/petit-pot/123-petit-pot-bio-pomme-coing-3288131510750.html?PageSpeed=noscript
139,https://www.greenweez.com/jean-herve-puree-de-noisettes-bio-350g-p10565
140,https://www.webecologie.com/pate-a-tartiner-bio/3650-puree-de-noisettes-bio-350-g-3390390000061.html?PageSpeed=noscript
141,https://naturalia.fr/pt-pot-panais-har-riz-2x200g
142,https://www.webecologie.com/assiette-bol/11438-assiette-haricots-verts-de-vendee-panais-riz-3288131530765.html?PageSpeed=noscript
143,https://www.greenweez.com/bonneterre-nids-au-petit-epeautre-bio-250g-p88687
144,https://www.webecologie.com/pates-bio/6843-nids-au-petit-epeautre-3396410047719.html
145,https://www.greenweez.com/bonneterre-choucroute-au-naturel-bio-790g-p88635
146,https://www.webecologie.com/conserve-plat-cuisine-bio/2934-choucroute-au-naturel-bio-790-g-3396410015602.html?PageSpeed=noscript
147,https://naturalia.fr/soupe-5-legumes-soleil-50cl
148,https://www.webecologie.com/soupe-bio/3777-soupe-5-legumes-du-soleil-bio-3431590008355.html
149,https://www.greenweez.com/markal-riz-long-complet-camargue-1kg-p77327
150,https://www.webecologie.com/riz-bio/9240-riz-long-complet-de-camargue-3329485111122.html
151,https://naturalia.fr/biscottes-epeautre-200g
152,https://www.greenweez.com/holle-biscottes-bebe-a-l-epeautre-200g-p6481
153,https://naturalia.fr/rapadura-500g
154,https://www.greenweez.com/rapunzel-rapadura-sucre-de-canne-complet-bio-500g-p17074
155,https://naturalia.fr/bouillie-3-cereales-250g
156,https://www.greenweez.com/holle-bouillie-bebe-aux-3-cereales-250gr-p6474
157,https://naturalia.fr/biscuits-vanille-sg-250g
158,https://www.webecologie.com/biscuits-secs/11008-p-tits-sables-vanille-sans-gluten-3396411224966.html
159,https://www.greenweez.com/evernat-p-tits-sables-vanille-sans-gluten-250g-p83353
160,https://www.carrefour.fr/p/chocolat-au-lait-gingembre-graines-de-lin-perou-bio-ethiquable-3760091721600
161,https://www.greenweez.com/ethiquable-chocolat-lait-gingembre-graines-de-lin-bio-100g-p83781
162,https://www.carrefour.fr/p/plat-bebe-des-8-mois-legumes-babybio-3288131520872
163,https://www.greenweez.com/babybio-petit-pots-menu-legumes-cabillaud-8-mois-2x200g-p9655
164,https://www.greenweez.com/saveurs-nature-bouchees-de-chocolat-au-lait-coco-3x15g-p89917
165,https://www.webecologie.com/confiserie-bio/9965-bouchees-coco-chocolat-au-lait-3760077187642.html
166,https://www.greenweez.com/danival-ratatouille-670g-p107924
167,https://www.webecologie.com/conserve-plat-cuisine-bio/3755-ratatouille-du-moulin-670-g-3431590000113.html?PageSpeed=noscript
168,https://www.greenweez.com/lima-sauce-soja-teriyaki-250ml-p83036
169,https://www.webecologie.com/epice-condiment-bio/3883-sauce-de-soja-fermente-bio-tamari-250-ml-5411788036498.html?PageSpeed=noscript
170,https://www.greenweez.com/ladrome-eau-florale-fleur-d-oranger-bio-pour-usage-alimentaire-200ml-p59138
171,https://www.webecologie.com/farine-bio-aide-a-la-patisserie/8106-eau-florale-d-oranger-3486330044728.html?PageSpeed=noscript
172,https://www.greenweez.com/lima-boisson-bio-riz-noisette-amande-3x200ml-p16548
173,https://www.webecologie.com/autres-boissons-vegetales/4304-boisson-noisette-amande-bio-1l-5411788041164.html?PageSpeed=noscript
174,https://www.carrefour.fr/p/compotes-bebe-des-6-mois-poire-banane-millet-babybio-3288131540191
175,https://www.greenweez.com/babybio-4-gourdes-poire-banane-millet-des-6-mois-p46925
176,https://www.greenweez.com/primeal-petit-epeautre-haute-provence-500g-p5494
177,https://www.webecologie.com/cereales-bio/3041-petit-epeautre-haute-provence-bio-3380390021401.html
178,https://www.greenweez.com/destination-the-vert-menthe-marrakech-bio-15x2g-p48005
179,https://www.webecologie.com/the-vert/6473-the-vert-a-la-menthe-100-g-3700110008275.html
180,https://naturalia.fr/moelleux-cacao-sg-180g
181,https://www.greenweez.com/bonneterre-moelleux-sarrasin-cacao-sans-gluten-180gr-p80220
182,https://naturalia.fr/noix-d-amazonie-125g
183,https://www.greenweez.com/pronatura-noix-d-amazonie-125g-p46082
184,https://naturalia.fr/tisane-3-gingembres-20inf
185,https://www.greenweez.com/pukka-tisane-3-gingembres-bio-20-sachets-p80044
186,https://naturalia.fr/macaroni-bch-500g
187,https://www.greenweez.com/lazzaretti-pennes-semi-completes-bio-500g-p44118
188,https://naturalia.fr/jus-de-clementine-75cl-3330361
189,https://www.greenweez.com/vitamont-pur-jus-d-ananas-bio-75cL-p19758
190,https://naturalia.fr/cocktail-mangue-banane-75cl
191,https://www.greenweez.com/vitamont-cocktail-mangue-banane-75cl-p79943
192,https://www.greenweez.com/markal-riz-basmati-demi-complet-500g-p77318
193,https://www.webecologie.com/riz-bio/3100-riz-basmati-complet-bio-3329485411208.html
194,https://www.greenweez.com/maison-meneau-sirop-de-menthe-glaciale-50cl-p82920
195,https://www.webecologie.com/sirops-bio/4524-sirop-de-menthe-bio-1-l-3274490970595.html
196,https://naturalia.fr/flakes-3-chocolats-450g
197,https://www.greenweez.com/favrichon-flakes-3-chocolats-bio-400g-p84219
